title,description
Task 01,Description of task 01
Task 02,Description of task 02
Task 03,Description of task 03
Task 04,Description of task 04
Task 05,Description of task 05
Task 06,Description of task 06
Task 07,Description of task 07
Task 08,Description of task 08
Task 09,Description of task 09
Task 10,Description of task 10
Task 11,Description of task 11
Task 12,Description of task 12
Task 13,Description of task 13
Task 14,Description of task 14
Task 15,Description of task 15
Task 16,Description of task 16
Task 17,Description of task 17
Task 18,Description of task 18
Task 19,Description of task 19
Task 20,Description of task 20
Task 21,Description of task 21
Task 22,Description of task 22
Task 23,Description of task 23
Task 24,Description of task 24
Task 25,Description of task 25
Task 26,Description of task 26
Task 27,Description of task 27
Task 28,Description of task 28
Task 29,Description of task 29
Task 30,Description of task 30
Task 31,Description of task 31
Task 32,Description of task 32
Task 33,Description of task 33
Task 34,Description of task 34
Task 35,Description of task 35
Task 36,Description of task 36
Task 37,Description of task 37
Task 38,Description of task 38
Task 39,Description of task 39
Task 40,Description of task 40
Task 41,Description of task 41
Task 42,Description of task 42
Task 43,Description of task 43
Task 44,Description of task 44
Task 45,Description of task 45
Task 46,Description of task 46
Task 47,Description of task 47
Task 48,Description of task 48
Task 49,Description of task 49
Task 50,Description of task 50